SELECT FORMAT('1.234',1,'id_ID');
FORMAT('1.234',1,'id_ID')
1,2
SELECT FORMAT('1.234',2,'id_ID');
FORMAT('1.234',2,'id_ID')
1,23
SELECT FORMAT('1.234',3,'id_ID');
FORMAT('1.234',3,'id_ID')
1,234
SELECT FORMAT('1.234',4,'id_ID');
FORMAT('1.234',4,'id_ID')
1,2340
SELECT FORMAT('1.234',1,'xxxxxx');
FORMAT('1.234',1,'xxxxxx')
1.2
SHOW WARNINGS;
Level	Code	Message
Warning	1649	Unknown locale: 'xxxxxx'
SELECT FORMAT(100000.234,4,'nl_BE');
FORMAT(100000.234,4,'nl_BE')
100.000,2340
SELECT FORMAT(100000.234,4,'fr_BE');
FORMAT(100000.234,4,'fr_BE')
100 000,2340
SELECT FORMAT(100000.234,4,'en_IN');
FORMAT(100000.234,4,'en_IN')
1,00,000.2340
SELECT FORMAT(100000.234,4,'de_CH');
FORMAT(100000.234,4,'de_CH')
100’000.2340
SELECT FORMAT(100000.234,4,'no_NO');
FORMAT(100000.234,4,'no_NO')
100,000.2340
SELECT FORMAT(100000.234,999999999999999999,'de_CH');
FORMAT(100000.234,999999999999999999,'de_CH')
100’000.233999999996740370988845825195
SELECT FORMAT(100000.234,9999999999999999999,'de_CH');
FORMAT(100000.234,9999999999999999999,'de_CH')
100’000
SELECT FORMAT(100000.234,99999999999999999999,'de_CH');
FORMAT(100000.234,99999999999999999999,'de_CH')
100’000.233999999996740370988845825195
Level	Code	Message
Warning	1292	Truncated incorrect DECIMAL value: '99999999999999999999'
SELECT FORMAT(NULL, 4), FORMAT(12332.2, NULL);
FORMAT(NULL, 4)	FORMAT(12332.2, NULL)
NULL	NULL
